{
    "report_data_sources": {
        "STAR": {
            "SummaryLog": {
                "sample_a3": "/home/wandrille/Documents/trainingProjects/Introduction_to_RNAseq/practicals/Intro_RNAseq_2020_practicals/Solutions/mouseMT/044_STAR_map_trimmed/sample_a3.Log.final.out",
                "sample_b4": "/home/wandrille/Documents/trainingProjects/Introduction_to_RNAseq/practicals/Intro_RNAseq_2020_practicals/Solutions/mouseMT/044_STAR_map_trimmed/sample_b4.Log.final.out",
                "sample_b2": "/home/wandrille/Documents/trainingProjects/Introduction_to_RNAseq/practicals/Intro_RNAseq_2020_practicals/Solutions/mouseMT/044_STAR_map_trimmed/sample_b2.Log.final.out",
                "sample_b3": "/home/wandrille/Documents/trainingProjects/Introduction_to_RNAseq/practicals/Intro_RNAseq_2020_practicals/Solutions/mouseMT/044_STAR_map_trimmed/sample_b3.Log.final.out",
                "sample_a1": "/home/wandrille/Documents/trainingProjects/Introduction_to_RNAseq/practicals/Intro_RNAseq_2020_practicals/Solutions/mouseMT/044_STAR_map_trimmed/sample_a1.Log.final.out",
                "sample_a4": "/home/wandrille/Documents/trainingProjects/Introduction_to_RNAseq/practicals/Intro_RNAseq_2020_practicals/Solutions/mouseMT/044_STAR_map_trimmed/sample_a4.Log.final.out",
                "sample_b1": "/home/wandrille/Documents/trainingProjects/Introduction_to_RNAseq/practicals/Intro_RNAseq_2020_practicals/Solutions/mouseMT/044_STAR_map_trimmed/sample_b1.Log.final.out",
                "sample_a2": "/home/wandrille/Documents/trainingProjects/Introduction_to_RNAseq/practicals/Intro_RNAseq_2020_practicals/Solutions/mouseMT/044_STAR_map_trimmed/sample_a2.Log.final.out"
            },
            "ReadsPerGene": {
                "sample_b3": "/home/wandrille/Documents/trainingProjects/Introduction_to_RNAseq/practicals/Intro_RNAseq_2020_practicals/Solutions/mouseMT/044_STAR_map_trimmed/sample_b3.ReadsPerGene.out.tab",
                "sample_b2": "/home/wandrille/Documents/trainingProjects/Introduction_to_RNAseq/practicals/Intro_RNAseq_2020_practicals/Solutions/mouseMT/044_STAR_map_trimmed/sample_b2.ReadsPerGene.out.tab",
                "sample_a1": "/home/wandrille/Documents/trainingProjects/Introduction_to_RNAseq/practicals/Intro_RNAseq_2020_practicals/Solutions/mouseMT/044_STAR_map_trimmed/sample_a1.ReadsPerGene.out.tab",
                "sample_b1": "/home/wandrille/Documents/trainingProjects/Introduction_to_RNAseq/practicals/Intro_RNAseq_2020_practicals/Solutions/mouseMT/044_STAR_map_trimmed/sample_b1.ReadsPerGene.out.tab",
                "sample_a2": "/home/wandrille/Documents/trainingProjects/Introduction_to_RNAseq/practicals/Intro_RNAseq_2020_practicals/Solutions/mouseMT/044_STAR_map_trimmed/sample_a2.ReadsPerGene.out.tab",
                "sample_a4": "/home/wandrille/Documents/trainingProjects/Introduction_to_RNAseq/practicals/Intro_RNAseq_2020_practicals/Solutions/mouseMT/044_STAR_map_trimmed/sample_a4.ReadsPerGene.out.tab",
                "sample_b4": "/home/wandrille/Documents/trainingProjects/Introduction_to_RNAseq/practicals/Intro_RNAseq_2020_practicals/Solutions/mouseMT/044_STAR_map_trimmed/sample_b4.ReadsPerGene.out.tab",
                "sample_a3": "/home/wandrille/Documents/trainingProjects/Introduction_to_RNAseq/practicals/Intro_RNAseq_2020_practicals/Solutions/mouseMT/044_STAR_map_trimmed/sample_a3.ReadsPerGene.out.tab"
            }
        }
    },
    "report_general_stats_data": [
        {
            "sample_a3": {
                "total_reads": 1429.0,
                "avg_input_read_length": 78.0,
                "uniquely_mapped": 1426.0,
                "uniquely_mapped_percent": 99.79,
                "avg_mapped_read_length": 78.64,
                "num_splices": 0.0,
                "num_annotated_splices": 0.0,
                "num_GTAG_splices": 0.0,
                "num_GCAG_splices": 0.0,
                "num_ATAC_splices": 0.0,
                "num_noncanonical_splices": 0.0,
                "mismatch_rate": 0.06,
                "deletion_rate": 0.0,
                "deletion_length": 0.0,
                "insertion_rate": 0.0,
                "insertion_length": 0.0,
                "multimapped": 1.0,
                "multimapped_percent": 0.07,
                "multimapped_toomany": 0.0,
                "multimapped_toomany_percent": 0.0,
                "unmapped_mismatches_percent": 0.0,
                "unmapped_tooshort_percent": 0.0,
                "unmapped_other_percent": 0.14,
                "unmapped_mismatches": 0,
                "unmapped_tooshort": 0,
                "unmapped_other": 2
            },
            "sample_b4": {
                "total_reads": 1450.0,
                "avg_input_read_length": 78.0,
                "uniquely_mapped": 1447.0,
                "uniquely_mapped_percent": 99.79,
                "avg_mapped_read_length": 78.48,
                "num_splices": 0.0,
                "num_annotated_splices": 0.0,
                "num_GTAG_splices": 0.0,
                "num_GCAG_splices": 0.0,
                "num_ATAC_splices": 0.0,
                "num_noncanonical_splices": 0.0,
                "mismatch_rate": 0.06,
                "deletion_rate": 0.0,
                "deletion_length": 0.0,
                "insertion_rate": 0.0,
                "insertion_length": 0.0,
                "multimapped": 1.0,
                "multimapped_percent": 0.07,
                "multimapped_toomany": 0.0,
                "multimapped_toomany_percent": 0.0,
                "unmapped_mismatches_percent": 0.0,
                "unmapped_tooshort_percent": 0.0,
                "unmapped_other_percent": 0.14,
                "unmapped_mismatches": 0,
                "unmapped_tooshort": 0,
                "unmapped_other": 2
            },
            "sample_b2": {
                "total_reads": 1447.0,
                "avg_input_read_length": 77.0,
                "uniquely_mapped": 1441.0,
                "uniquely_mapped_percent": 99.59,
                "avg_mapped_read_length": 78.29,
                "num_splices": 0.0,
                "num_annotated_splices": 0.0,
                "num_GTAG_splices": 0.0,
                "num_GCAG_splices": 0.0,
                "num_ATAC_splices": 0.0,
                "num_noncanonical_splices": 0.0,
                "mismatch_rate": 0.05,
                "deletion_rate": 0.0,
                "deletion_length": 0.0,
                "insertion_rate": 0.0,
                "insertion_length": 0.0,
                "multimapped": 0.0,
                "multimapped_percent": 0.0,
                "multimapped_toomany": 0.0,
                "multimapped_toomany_percent": 0.0,
                "unmapped_mismatches_percent": 0.0,
                "unmapped_tooshort_percent": 0.0,
                "unmapped_other_percent": 0.41,
                "unmapped_mismatches": 0,
                "unmapped_tooshort": 0,
                "unmapped_other": 6
            },
            "sample_b3": {
                "total_reads": 1407.0,
                "avg_input_read_length": 78.0,
                "uniquely_mapped": 1404.0,
                "uniquely_mapped_percent": 99.79,
                "avg_mapped_read_length": 78.37,
                "num_splices": 0.0,
                "num_annotated_splices": 0.0,
                "num_GTAG_splices": 0.0,
                "num_GCAG_splices": 0.0,
                "num_ATAC_splices": 0.0,
                "num_noncanonical_splices": 0.0,
                "mismatch_rate": 0.07,
                "deletion_rate": 0.0,
                "deletion_length": 0.0,
                "insertion_rate": 0.0,
                "insertion_length": 0.0,
                "multimapped": 1.0,
                "multimapped_percent": 0.07,
                "multimapped_toomany": 0.0,
                "multimapped_toomany_percent": 0.0,
                "unmapped_mismatches_percent": 0.0,
                "unmapped_tooshort_percent": 0.0,
                "unmapped_other_percent": 0.14,
                "unmapped_mismatches": 0,
                "unmapped_tooshort": 0,
                "unmapped_other": 2
            },
            "sample_a1": {
                "total_reads": 1399.0,
                "avg_input_read_length": 78.0,
                "uniquely_mapped": 1398.0,
                "uniquely_mapped_percent": 99.93,
                "avg_mapped_read_length": 78.41,
                "num_splices": 0.0,
                "num_annotated_splices": 0.0,
                "num_GTAG_splices": 0.0,
                "num_GCAG_splices": 0.0,
                "num_ATAC_splices": 0.0,
                "num_noncanonical_splices": 0.0,
                "mismatch_rate": 0.06,
                "deletion_rate": 0.0,
                "deletion_length": 0.0,
                "insertion_rate": 0.0,
                "insertion_length": 0.0,
                "multimapped": 0.0,
                "multimapped_percent": 0.0,
                "multimapped_toomany": 0.0,
                "multimapped_toomany_percent": 0.0,
                "unmapped_mismatches_percent": 0.0,
                "unmapped_tooshort_percent": 0.0,
                "unmapped_other_percent": 0.07,
                "unmapped_mismatches": 0,
                "unmapped_tooshort": 0,
                "unmapped_other": 1
            },
            "sample_a4": {
                "total_reads": 1345.0,
                "avg_input_read_length": 79.0,
                "uniquely_mapped": 737.0,
                "uniquely_mapped_percent": 54.8,
                "avg_mapped_read_length": 78.95,
                "num_splices": 1.0,
                "num_annotated_splices": 0.0,
                "num_GTAG_splices": 1.0,
                "num_GCAG_splices": 0.0,
                "num_ATAC_splices": 0.0,
                "num_noncanonical_splices": 0.0,
                "mismatch_rate": 0.09,
                "deletion_rate": 0.0,
                "deletion_length": 0.0,
                "insertion_rate": 0.0,
                "insertion_length": 0.0,
                "multimapped": 1.0,
                "multimapped_percent": 0.07,
                "multimapped_toomany": 0.0,
                "multimapped_toomany_percent": 0.0,
                "unmapped_mismatches_percent": 0.0,
                "unmapped_tooshort_percent": 34.8,
                "unmapped_other_percent": 10.33,
                "unmapped_mismatches": 0,
                "unmapped_tooshort": 468,
                "unmapped_other": 139
            },
            "sample_b1": {
                "total_reads": 1398.0,
                "avg_input_read_length": 78.0,
                "uniquely_mapped": 1396.0,
                "uniquely_mapped_percent": 99.86,
                "avg_mapped_read_length": 78.46,
                "num_splices": 0.0,
                "num_annotated_splices": 0.0,
                "num_GTAG_splices": 0.0,
                "num_GCAG_splices": 0.0,
                "num_ATAC_splices": 0.0,
                "num_noncanonical_splices": 0.0,
                "mismatch_rate": 0.06,
                "deletion_rate": 0.0,
                "deletion_length": 0.0,
                "insertion_rate": 0.0,
                "insertion_length": 0.0,
                "multimapped": 0.0,
                "multimapped_percent": 0.0,
                "multimapped_toomany": 0.0,
                "multimapped_toomany_percent": 0.0,
                "unmapped_mismatches_percent": 0.0,
                "unmapped_tooshort_percent": 0.0,
                "unmapped_other_percent": 0.14,
                "unmapped_mismatches": 0,
                "unmapped_tooshort": 0,
                "unmapped_other": 2
            },
            "sample_a2": {
                "total_reads": 1424.0,
                "avg_input_read_length": 78.0,
                "uniquely_mapped": 1423.0,
                "uniquely_mapped_percent": 99.93,
                "avg_mapped_read_length": 78.78,
                "num_splices": 0.0,
                "num_annotated_splices": 0.0,
                "num_GTAG_splices": 0.0,
                "num_GCAG_splices": 0.0,
                "num_ATAC_splices": 0.0,
                "num_noncanonical_splices": 0.0,
                "mismatch_rate": 0.06,
                "deletion_rate": 0.0,
                "deletion_length": 0.0,
                "insertion_rate": 0.0,
                "insertion_length": 0.0,
                "multimapped": 0.0,
                "multimapped_percent": 0.0,
                "multimapped_toomany": 0.0,
                "multimapped_toomany_percent": 0.0,
                "unmapped_mismatches_percent": 0.0,
                "unmapped_tooshort_percent": 0.0,
                "unmapped_other_percent": 0.07,
                "unmapped_mismatches": 0,
                "unmapped_tooshort": 0,
                "unmapped_other": 1
            }
        }
    ],
    "report_general_stats_headers": [
        {
            "uniquely_mapped_percent": {
                "title": "% Aligned",
                "description": "% Uniquely mapped reads",
                "max": 100,
                "min": 0,
                "suffix": "%",
                "scale": "YlGn",
                "namespace": "STAR",
                "rid": "mqc-generalstats-star-uniquely_mapped_percent",
                "format": "{:,.1f}",
                "colour": "55,126,184",
                "hidden": null,
                "ceiling": null,
                "floor": null,
                "minRange": null,
                "shared_key": null,
                "modify": null,
                "placement": 1000.0,
                "dmax": 100.0,
                "dmin": 0.0
            },
            "uniquely_mapped": {
                "title": "M Aligned",
                "description": "Uniquely mapped reads (millions)",
                "min": 0,
                "scale": "PuRd",
                "modify": 1e-06,
                "shared_key": "read_count",
                "namespace": "STAR",
                "rid": "mqc-generalstats-star-uniquely_mapped",
                "format": "{:,.1f}",
                "colour": "55,126,184",
                "hidden": null,
                "max": null,
                "ceiling": null,
                "floor": null,
                "minRange": null,
                "placement": 1000.0,
                "dmax": 0.001447,
                "dmin": 0.0
            }
        }
    ],
    "report_multiqc_command": "/home/wandrille/Installed_software/anaconda3/envs/py366/bin/multiqc -n 045_multiqc_mouseMT_mapped_trimmed.html -f --title mapped_trimmed 044_STAR_map_trimmed/",
    "report_plot_data": {
        "star_alignment_plot": {
            "plot_type": "bar_graph",
            "samples": [
                [
                    "sample_a1",
                    "sample_a2",
                    "sample_a3",
                    "sample_a4",
                    "sample_b1",
                    "sample_b2",
                    "sample_b3",
                    "sample_b4"
                ]
            ],
            "datasets": [
                [
                    {
                        "name": "Uniquely mapped",
                        "data": [
                            1398.0,
                            1423.0,
                            1426.0,
                            737.0,
                            1396.0,
                            1441.0,
                            1404.0,
                            1447.0
                        ],
                        "color": "#437bb1"
                    },
                    {
                        "name": "Mapped to multiple loci",
                        "data": [
                            0.0,
                            0.0,
                            1.0,
                            1.0,
                            0.0,
                            0.0,
                            1.0,
                            1.0
                        ],
                        "color": "#7cb5ec"
                    },
                    {
                        "name": "Unmapped: too short",
                        "data": [
                            0.0,
                            0.0,
                            0.0,
                            468.0,
                            0.0,
                            0.0,
                            0.0,
                            0.0
                        ],
                        "color": "#b1084c"
                    },
                    {
                        "name": "Unmapped: other",
                        "data": [
                            1.0,
                            1.0,
                            2.0,
                            139.0,
                            2.0,
                            6.0,
                            2.0,
                            2.0
                        ],
                        "color": "#7f0000"
                    }
                ]
            ],
            "config": {
                "id": "star_alignment_plot",
                "title": "STAR: Alignment Scores",
                "ylab": "# Reads",
                "cpswitch_counts_label": "Number of Reads"
            }
        },
        "star_gene_counts": {
            "plot_type": "bar_graph",
            "samples": [
                [
                    "sample_a1",
                    "sample_a2",
                    "sample_a3",
                    "sample_a4",
                    "sample_b1",
                    "sample_b2",
                    "sample_b3",
                    "sample_b4"
                ],
                [
                    "sample_a1",
                    "sample_a2",
                    "sample_a3",
                    "sample_a4",
                    "sample_b1",
                    "sample_b2",
                    "sample_b3",
                    "sample_b4"
                ],
                [
                    "sample_a1",
                    "sample_a2",
                    "sample_a3",
                    "sample_a4",
                    "sample_b1",
                    "sample_b2",
                    "sample_b3",
                    "sample_b4"
                ]
            ],
            "datasets": [
                [
                    {
                        "name": "Overlapping Genes",
                        "data": [
                            1373.0,
                            1404.0,
                            1404.0,
                            723.0,
                            1369.0,
                            1418.0,
                            1370.0,
                            1432.0
                        ],
                        "color": "#2f7ed8"
                    },
                    {
                        "name": "Ambiguous Features",
                        "data": [
                            25.0,
                            19.0,
                            22.0,
                            14.0,
                            27.0,
                            23.0,
                            34.0,
                            15.0
                        ],
                        "color": "#492970"
                    },
                    {
                        "name": "Multimapping",
                        "data": [
                            0.0,
                            0.0,
                            1.0,
                            1.0,
                            0.0,
                            0.0,
                            1.0,
                            1.0
                        ],
                        "color": "#f28f43"
                    },
                    {
                        "name": "Unmapped",
                        "data": [
                            1.0,
                            1.0,
                            2.0,
                            607.0,
                            2.0,
                            6.0,
                            2.0,
                            2.0
                        ],
                        "color": "#7f0000"
                    }
                ],
                [
                    {
                        "name": "Overlapping Genes",
                        "data": [
                            681.0,
                            706.0,
                            695.0,
                            353.0,
                            696.0,
                            708.0,
                            695.0,
                            682.0
                        ],
                        "color": "#2f7ed8"
                    },
                    {
                        "name": "No Feature",
                        "data": [
                            700.0,
                            702.0,
                            716.0,
                            371.0,
                            677.0,
                            712.0,
                            686.0,
                            756.0
                        ],
                        "color": "#0d233a"
                    },
                    {
                        "name": "Ambiguous Features",
                        "data": [
                            17.0,
                            15.0,
                            15.0,
                            13.0,
                            23.0,
                            21.0,
                            23.0,
                            9.0
                        ],
                        "color": "#492970"
                    },
                    {
                        "name": "Multimapping",
                        "data": [
                            0.0,
                            0.0,
                            1.0,
                            1.0,
                            0.0,
                            0.0,
                            1.0,
                            1.0
                        ],
                        "color": "#f28f43"
                    },
                    {
                        "name": "Unmapped",
                        "data": [
                            1.0,
                            1.0,
                            2.0,
                            607.0,
                            2.0,
                            6.0,
                            2.0,
                            2.0
                        ],
                        "color": "#7f0000"
                    }
                ],
                [
                    {
                        "name": "Overlapping Genes",
                        "data": [
                            692.0,
                            698.0,
                            709.0,
                            370.0,
                            673.0,
                            710.0,
                            675.0,
                            750.0
                        ],
                        "color": "#2f7ed8"
                    },
                    {
                        "name": "No Feature",
                        "data": [
                            698.0,
                            721.0,
                            710.0,
                            366.0,
                            719.0,
                            729.0,
                            718.0,
                            691.0
                        ],
                        "color": "#0d233a"
                    },
                    {
                        "name": "Ambiguous Features",
                        "data": [
                            8.0,
                            4.0,
                            7.0,
                            1.0,
                            4.0,
                            2.0,
                            11.0,
                            6.0
                        ],
                        "color": "#492970"
                    },
                    {
                        "name": "Multimapping",
                        "data": [
                            0.0,
                            0.0,
                            1.0,
                            1.0,
                            0.0,
                            0.0,
                            1.0,
                            1.0
                        ],
                        "color": "#f28f43"
                    },
                    {
                        "name": "Unmapped",
                        "data": [
                            1.0,
                            1.0,
                            2.0,
                            607.0,
                            2.0,
                            6.0,
                            2.0,
                            2.0
                        ],
                        "color": "#7f0000"
                    }
                ]
            ],
            "config": {
                "id": "star_gene_counts",
                "title": "STAR: Gene Counts",
                "ylab": "# Reads",
                "cpswitch_counts_label": "Number of Reads",
                "data_labels": [
                    "Unstranded",
                    "Same Stranded",
                    "Reverse Stranded"
                ]
            }
        }
    },
    "report_saved_raw_data": {
        "multiqc_star": {
            "sample_a3": {
                "total_reads": 1429.0,
                "avg_input_read_length": 78.0,
                "uniquely_mapped": 1426.0,
                "uniquely_mapped_percent": 99.79,
                "avg_mapped_read_length": 78.64,
                "num_splices": 0.0,
                "num_annotated_splices": 0.0,
                "num_GTAG_splices": 0.0,
                "num_GCAG_splices": 0.0,
                "num_ATAC_splices": 0.0,
                "num_noncanonical_splices": 0.0,
                "mismatch_rate": 0.06,
                "deletion_rate": 0.0,
                "deletion_length": 0.0,
                "insertion_rate": 0.0,
                "insertion_length": 0.0,
                "multimapped": 1.0,
                "multimapped_percent": 0.07,
                "multimapped_toomany": 0.0,
                "multimapped_toomany_percent": 0.0,
                "unmapped_mismatches_percent": 0.0,
                "unmapped_tooshort_percent": 0.0,
                "unmapped_other_percent": 0.14,
                "unmapped_mismatches": 0,
                "unmapped_tooshort": 0,
                "unmapped_other": 2
            },
            "sample_b4": {
                "total_reads": 1450.0,
                "avg_input_read_length": 78.0,
                "uniquely_mapped": 1447.0,
                "uniquely_mapped_percent": 99.79,
                "avg_mapped_read_length": 78.48,
                "num_splices": 0.0,
                "num_annotated_splices": 0.0,
                "num_GTAG_splices": 0.0,
                "num_GCAG_splices": 0.0,
                "num_ATAC_splices": 0.0,
                "num_noncanonical_splices": 0.0,
                "mismatch_rate": 0.06,
                "deletion_rate": 0.0,
                "deletion_length": 0.0,
                "insertion_rate": 0.0,
                "insertion_length": 0.0,
                "multimapped": 1.0,
                "multimapped_percent": 0.07,
                "multimapped_toomany": 0.0,
                "multimapped_toomany_percent": 0.0,
                "unmapped_mismatches_percent": 0.0,
                "unmapped_tooshort_percent": 0.0,
                "unmapped_other_percent": 0.14,
                "unmapped_mismatches": 0,
                "unmapped_tooshort": 0,
                "unmapped_other": 2
            },
            "sample_b2": {
                "total_reads": 1447.0,
                "avg_input_read_length": 77.0,
                "uniquely_mapped": 1441.0,
                "uniquely_mapped_percent": 99.59,
                "avg_mapped_read_length": 78.29,
                "num_splices": 0.0,
                "num_annotated_splices": 0.0,
                "num_GTAG_splices": 0.0,
                "num_GCAG_splices": 0.0,
                "num_ATAC_splices": 0.0,
                "num_noncanonical_splices": 0.0,
                "mismatch_rate": 0.05,
                "deletion_rate": 0.0,
                "deletion_length": 0.0,
                "insertion_rate": 0.0,
                "insertion_length": 0.0,
                "multimapped": 0.0,
                "multimapped_percent": 0.0,
                "multimapped_toomany": 0.0,
                "multimapped_toomany_percent": 0.0,
                "unmapped_mismatches_percent": 0.0,
                "unmapped_tooshort_percent": 0.0,
                "unmapped_other_percent": 0.41,
                "unmapped_mismatches": 0,
                "unmapped_tooshort": 0,
                "unmapped_other": 6
            },
            "sample_b3": {
                "total_reads": 1407.0,
                "avg_input_read_length": 78.0,
                "uniquely_mapped": 1404.0,
                "uniquely_mapped_percent": 99.79,
                "avg_mapped_read_length": 78.37,
                "num_splices": 0.0,
                "num_annotated_splices": 0.0,
                "num_GTAG_splices": 0.0,
                "num_GCAG_splices": 0.0,
                "num_ATAC_splices": 0.0,
                "num_noncanonical_splices": 0.0,
                "mismatch_rate": 0.07,
                "deletion_rate": 0.0,
                "deletion_length": 0.0,
                "insertion_rate": 0.0,
                "insertion_length": 0.0,
                "multimapped": 1.0,
                "multimapped_percent": 0.07,
                "multimapped_toomany": 0.0,
                "multimapped_toomany_percent": 0.0,
                "unmapped_mismatches_percent": 0.0,
                "unmapped_tooshort_percent": 0.0,
                "unmapped_other_percent": 0.14,
                "unmapped_mismatches": 0,
                "unmapped_tooshort": 0,
                "unmapped_other": 2
            },
            "sample_a1": {
                "total_reads": 1399.0,
                "avg_input_read_length": 78.0,
                "uniquely_mapped": 1398.0,
                "uniquely_mapped_percent": 99.93,
                "avg_mapped_read_length": 78.41,
                "num_splices": 0.0,
                "num_annotated_splices": 0.0,
                "num_GTAG_splices": 0.0,
                "num_GCAG_splices": 0.0,
                "num_ATAC_splices": 0.0,
                "num_noncanonical_splices": 0.0,
                "mismatch_rate": 0.06,
                "deletion_rate": 0.0,
                "deletion_length": 0.0,
                "insertion_rate": 0.0,
                "insertion_length": 0.0,
                "multimapped": 0.0,
                "multimapped_percent": 0.0,
                "multimapped_toomany": 0.0,
                "multimapped_toomany_percent": 0.0,
                "unmapped_mismatches_percent": 0.0,
                "unmapped_tooshort_percent": 0.0,
                "unmapped_other_percent": 0.07,
                "unmapped_mismatches": 0,
                "unmapped_tooshort": 0,
                "unmapped_other": 1
            },
            "sample_a4": {
                "total_reads": 1345.0,
                "avg_input_read_length": 79.0,
                "uniquely_mapped": 737.0,
                "uniquely_mapped_percent": 54.8,
                "avg_mapped_read_length": 78.95,
                "num_splices": 1.0,
                "num_annotated_splices": 0.0,
                "num_GTAG_splices": 1.0,
                "num_GCAG_splices": 0.0,
                "num_ATAC_splices": 0.0,
                "num_noncanonical_splices": 0.0,
                "mismatch_rate": 0.09,
                "deletion_rate": 0.0,
                "deletion_length": 0.0,
                "insertion_rate": 0.0,
                "insertion_length": 0.0,
                "multimapped": 1.0,
                "multimapped_percent": 0.07,
                "multimapped_toomany": 0.0,
                "multimapped_toomany_percent": 0.0,
                "unmapped_mismatches_percent": 0.0,
                "unmapped_tooshort_percent": 34.8,
                "unmapped_other_percent": 10.33,
                "unmapped_mismatches": 0,
                "unmapped_tooshort": 468,
                "unmapped_other": 139
            },
            "sample_b1": {
                "total_reads": 1398.0,
                "avg_input_read_length": 78.0,
                "uniquely_mapped": 1396.0,
                "uniquely_mapped_percent": 99.86,
                "avg_mapped_read_length": 78.46,
                "num_splices": 0.0,
                "num_annotated_splices": 0.0,
                "num_GTAG_splices": 0.0,
                "num_GCAG_splices": 0.0,
                "num_ATAC_splices": 0.0,
                "num_noncanonical_splices": 0.0,
                "mismatch_rate": 0.06,
                "deletion_rate": 0.0,
                "deletion_length": 0.0,
                "insertion_rate": 0.0,
                "insertion_length": 0.0,
                "multimapped": 0.0,
                "multimapped_percent": 0.0,
                "multimapped_toomany": 0.0,
                "multimapped_toomany_percent": 0.0,
                "unmapped_mismatches_percent": 0.0,
                "unmapped_tooshort_percent": 0.0,
                "unmapped_other_percent": 0.14,
                "unmapped_mismatches": 0,
                "unmapped_tooshort": 0,
                "unmapped_other": 2
            },
            "sample_a2": {
                "total_reads": 1424.0,
                "avg_input_read_length": 78.0,
                "uniquely_mapped": 1423.0,
                "uniquely_mapped_percent": 99.93,
                "avg_mapped_read_length": 78.78,
                "num_splices": 0.0,
                "num_annotated_splices": 0.0,
                "num_GTAG_splices": 0.0,
                "num_GCAG_splices": 0.0,
                "num_ATAC_splices": 0.0,
                "num_noncanonical_splices": 0.0,
                "mismatch_rate": 0.06,
                "deletion_rate": 0.0,
                "deletion_length": 0.0,
                "insertion_rate": 0.0,
                "insertion_length": 0.0,
                "multimapped": 0.0,
                "multimapped_percent": 0.0,
                "multimapped_toomany": 0.0,
                "multimapped_toomany_percent": 0.0,
                "unmapped_mismatches_percent": 0.0,
                "unmapped_tooshort_percent": 0.0,
                "unmapped_other_percent": 0.07,
                "unmapped_mismatches": 0,
                "unmapped_tooshort": 0,
                "unmapped_other": 1
            }
        },
        "multiqc_general_stats": {
            "sample_a3": {
                "STAR_mqc-generalstats-star-uniquely_mapped_percent": 99.79,
                "STAR_mqc-generalstats-star-uniquely_mapped": 1426.0
            },
            "sample_b4": {
                "STAR_mqc-generalstats-star-uniquely_mapped_percent": 99.79,
                "STAR_mqc-generalstats-star-uniquely_mapped": 1447.0
            },
            "sample_b2": {
                "STAR_mqc-generalstats-star-uniquely_mapped_percent": 99.59,
                "STAR_mqc-generalstats-star-uniquely_mapped": 1441.0
            },
            "sample_b3": {
                "STAR_mqc-generalstats-star-uniquely_mapped_percent": 99.79,
                "STAR_mqc-generalstats-star-uniquely_mapped": 1404.0
            },
            "sample_a1": {
                "STAR_mqc-generalstats-star-uniquely_mapped_percent": 99.93,
                "STAR_mqc-generalstats-star-uniquely_mapped": 1398.0
            },
            "sample_a4": {
                "STAR_mqc-generalstats-star-uniquely_mapped_percent": 54.8,
                "STAR_mqc-generalstats-star-uniquely_mapped": 737.0
            },
            "sample_b1": {
                "STAR_mqc-generalstats-star-uniquely_mapped_percent": 99.86,
                "STAR_mqc-generalstats-star-uniquely_mapped": 1396.0
            },
            "sample_a2": {
                "STAR_mqc-generalstats-star-uniquely_mapped_percent": 99.93,
                "STAR_mqc-generalstats-star-uniquely_mapped": 1423.0
            }
        }
    },
    "config_analysis_dir_abs": [
        "/home/wandrille/Documents/trainingProjects/Introduction_to_RNAseq/practicals/Intro_RNAseq_2020_practicals/Solutions/mouseMT/044_STAR_map_trimmed"
    ],
    "config_analysis_dir": [
        "044_STAR_map_trimmed/"
    ],
    "config_creation_date": "2023-07-14, 16:22 CEST",
    "config_git_hash": null,
    "config_intro_text": null,
    "config_report_comment": null,
    "config_report_header_info": null,
    "config_script_path": "/home/wandrille/Installed_software/anaconda3/envs/py366/lib/python3.6/site-packages/multiqc/utils",
    "config_short_version": "1.14",
    "config_subtitle": null,
    "config_title": "mapped_trimmed",
    "config_version": "1.14"
}
